{"core": {"center": [120, 128], "sx": 15.36, "sy": 25.6, "angle": 1.5708}, "left hip": {"center": [152, 120], "sx": 6.4, "sy": 7.68, "angle": -0.9}, "right hip": {"center": [152, 136], "sx": 6.4, "sy": 7.68, "angle": 0.9}, "left thigh": {"center": [172, 108], "sx": 6.4, "sy": 10.24, "angle": -1.1}, "right thigh": {"center": [172, 148], "sx": 6.4, "sy": 10.24, "angle": 1.1}, "left shin": {"center": [196, 100], "sx": 6.4, "sy": 12.8, "angle": 1.5708}, "right shin": {"center": [196, 156], "sx": 6.4, "sy": 12.8, "angle": -1.5708}, "left shoulder": {"center": [80, 120], "sx": 6.4, "sy": 10.24, "angle": 0}, "right shoulder": {"center": [80, 136], "sx": 6.4, "sy": 10.24, "angle": 0}, "left arm": {"center": [93, 100], "sx": 6.4, "sy": 10.24, "angle": -1.0471975511965976}, "right arm": {"center": [93, 156], "sx": 6.4, "sy": 10.24, "angle": 1.0471975511965976}, "left forearm": {"center": [118, 90], "sx": 6.4, "sy": 10.24, "angle": -1.3962634015954636}, "right forearm": {"center": [118, 165], "sx": 6.4, "sy": 10.24, "angle": 1.3962634015954636}, "left foot": {"center": [220, 97], "sx": 8, "sy": 5.12, "angle": 0.39269908169872414}, "right foot": {"center": [220, 159], "sx": 8, "sy": 5.12, "angle": -0.39269908169872414}, "left hand": {"center": [138, 87], "sx": 5.12, "sy": 6.4, "angle": -1.3962634015954636}, "right hand": {"center": [138, 170], "sx": 5.12, "sy": 6.4, "angle": 1.3962634015954636}, "head": {"center": [52, 128], "sx": 12.8, "sy": 8.96, "angle": 0}}